,City,Cloudiness,Country,Date,Humidity,Lat,Lng,Max Temp,Wind Speed
0,ostrovnoy,66,RU,1580159275,80,68.05,39.51,8.8,6.35
1,bluff,19,NZ,1580159049,73,-46.6,168.33,61,5.01
2,hilo,90,US,1580159194,65,19.73,-155.09,78.01,3.36
3,port huron,90,US,1580159276,80,42.97,-82.42,36,6.93
4,benguela,98,AO,1580159276,78,-12.58,13.41,79.54,3.31
5,hami,41,CN,1580159276,60,42.8,93.45,11.71,0.43
6,mount gambier,100,AU,1580159276,93,-37.83,140.77,50,1.12
7,yellowknife,90,CA,1580159277,92,62.46,-114.35,21.99,16.11
8,albany,90,US,1580159277,100,42.6,-73.97,41,9.17
9,kamenskoye,,,,,,,,
10,bichura,78,RU,1580159277,89,50.59,107.6,0.36,0.74
11,ushuaia,75,AR,1580159136,54,-54.8,-68.3,60.8,13.87
12,ketchikan,90,US,1580159277,86,55.34,-131.65,41,18.34
13,ponta do sol,20,PT,1580159277,72,32.67,-17.1,60.8,1.12
14,sao filipe,0,CV,1580159278,52,14.9,-24.5,75.13,17.69
15,bethel,90,US,1580159278,60,41.37,-73.41,45,11.41
16,castro,92,BR,1580159278,70,-24.79,-50.01,75.65,5.7
17,guerrero negro,19,MX,1580158881,61,27.98,-114.06,65.12,10.07
18,pangnirtung,20,CA,1580159278,67,66.15,-65.71,-27.4,3.36
19,faanui,98,PF,1580159278,75,-16.48,-151.75,82.94,12.71
20,rikitea,98,PF,1580159278,79,-23.12,-134.97,79.54,11.27
21,tiksi,100,RU,1580159279,86,71.69,128.87,-21.24,4.34
22,khonuu,,,,,,,,
23,abu samrah,91,SY,1580159279,82,35.3,37.18,48.22,5.19
24,ribeira grande,75,PT,1580159279,93,38.52,-28.7,64.4,20.8
25,asau,100,RO,1580159279,80,46.43,26.4,39,2.24
26,mataura,99,NZ,1580159279,73,-46.19,168.86,61,5.01
27,porto novo,44,BJ,1580159014,78,6.5,2.6,80.6,4.7
28,ancud,75,CL,1580159280,77,-41.87,-73.82,62.6,18.34
29,aripuana,100,BR,1580159280,80,-9.17,-60.63,85.53,1.59
30,port alfred,100,ZA,1580159280,84,-33.59,26.89,62.01,3
31,punta arenas,100,CL,1580159280,59,-53.15,-70.92,60.8,20.8
32,avarua,100,CK,1580159280,94,-21.21,-159.78,78.8,13.87
33,butaritari,60,KI,1580159280,79,3.07,172.79,84.09,21.94
34,langub,100,PH,1580159281,79,10.8,123.54,80.24,4.81
35,grand centre,,,,,,,,
36,zlitan,0,LY,1580159281,78,32.47,14.57,58.69,7.36
37,ballina,40,AU,1580159281,100,-28.87,153.57,73,3.36
38,kosovska mitrovica,75,XK,1580159281,80,42.88,20.87,42.01,5.82
39,venustiano carranza,20,MX,1580159116,13,19.43,-99.1,84.2,10.29
40,tuktoyaktuk,20,CA,1580159281,74,69.45,-133.04,-22,12.75
41,haines junction,83,CA,1580159281,95,60.75,-137.51,15.69,9.93
42,gondar,0,ET,1580159282,26,12.6,37.47,56.5,6.15
43,cidreira,51,BR,1580159282,83,-30.18,-50.21,76.59,27.09
44,basoko,77,CD,1580159282,32,1.24,23.62,81.01,2.24
45,alofi,81,NU,1580159282,78,-19.06,-169.92,82.4,6.93
46,ijaki,,,,,,,,
47,pavilosta,100,LV,1580159282,100,56.89,21.19,37.4,9.17
48,port blair,50,IN,1580159283,61,11.67,92.75,77.23,14.41
49,atuona,60,PF,1580159283,78,-9.8,-139.03,81.18,12.26
50,ngukurr,,,,,,,,
51,houma,13,US,1580159161,82,29.6,-90.72,59,8.05
52,provideniya,90,RU,1580159283,84,64.38,-173.3,-2.2,4.47
53,san rafael,0,AR,1580159283,24,-34.62,-68.33,90.25,14.25
54,pryazha,100,RU,1580159283,92,61.69,33.62,8.6,2.24
55,arraial do cabo,2,BR,1580159284,78,-22.97,-42.03,82.4,17.22
56,atbasar,100,KZ,1580159284,94,51.8,68.33,9.5,11.63
57,martaban,0,MM,1580159284,81,16.53,97.61,61.2,6.33
58,saldanha,100,ZA,1580159284,72,-33.01,17.94,60.8,3.36
59,asfi,1,MA,1580159284,82,32.3,-9.24,50.88,10.67
60,husavik,20,IS,1580159284,92,66.04,-17.34,17.6,12.75
61,majene,100,ID,1580159285,89,-3.54,118.97,76.23,3.47
62,gazanjyk,0,TM,1580159285,74,39.24,55.52,33.22,2.17
63,bara,0,NG,1580159285,18,10.37,10.73,69.58,8.03
64,coquimbo,20,CL,1580159285,68,-29.95,-71.34,80.01,11.41
65,verkhnevilyuysk,94,RU,1580159285,98,63.45,120.32,-27.76,1.07
66,caravelas,100,BR,1580159285,85,-17.71,-39.25,80.83,19.08
67,esperance,0,AU,1580159285,82,-33.87,121.9,66.2,8.05
68,dickinson,1,US,1580159285,68,29.46,-95.05,71.01,5.82
69,kiama,90,AU,1580159286,100,-34.68,150.87,75,7.18
70,luderitz,0,NA,1580159286,72,-26.65,15.16,64.4,19.46
71,lata,40,PT,1580159286,93,40.16,-8.33,57.99,8.05
72,qasigiannguit,90,GL,1580159286,60,68.82,-51.19,8.6,5.82
73,iqaluit,90,CA,1580159286,76,63.75,-68.51,-7.01,2.24
74,norman wells,90,CA,1580159286,68,65.28,-126.83,-16.6,14.99
75,thompson,90,CA,1580159287,84,55.74,-97.86,8.6,2.24
76,balikpapan,49,ID,1580159287,76,-1.27,116.83,83.37,5.06
77,vaini,40,TO,1580159287,88,-21.2,-175.2,80.6,4.7
78,upernavik,100,GL,1580159287,92,72.79,-56.15,-14.3,3.42
79,cayenne,75,GF,1580159287,74,4.93,-52.33,84.2,10.29
80,saleaula,,,,,,,,
81,kapaa,90,US,1580158881,88,22.08,-159.32,78.8,5.82
82,taolanaro,,,,,,,,
83,bengkulu,89,ID,1580159288,88,-3.8,102.27,73.29,3.15
84,qaanaaq,47,GL,1580159288,61,77.48,-69.36,-11.76,3.56
85,vaitupu,,,,,,,,
86,bima,46,ID,1580159288,96,-8.47,118.72,74.25,1.21
87,gat,93,IL,1580159221,81,31.61,34.76,52,5.82
88,barentsburg,,,,,,,,
89,yulara,0,AU,1580159289,22,-25.24,130.99,80.6,10.29
90,macon,90,US,1580159289,85,39.87,-88.97,32,3.36
91,yashan,97,CN,1580159289,69,22.2,109.94,50.47,10.54
92,carnarvon,75,AU,1580159289,100,-24.87,113.63,75.2,14.99
93,tumannyy,,,,,,,,
94,fuerte olimpo,0,PY,1580159290,21,-21.04,-57.87,101.14,4.56
95,hermanus,100,ZA,1580159290,90,-34.42,19.23,61,1.01
96,millville,90,US,1580159183,71,39.4,-75.04,46,6.93
97,kyakhta,97,RU,1580159290,89,50.35,106.45,0,2.53
98,puerto ayora,40,EC,1580159290,69,-0.74,-90.35,82.4,8.05
99,yaypan,86,UZ,1580159290,67,40.38,70.82,38.05,10.42
100,tidore,,,,,,,,
101,kara,16,TG,1580159291,13,9.55,1.19,76.53,2.68
102,attawapiskat,,,,,,,,
103,general pico,59,AR,1580159188,12,-35.66,-63.76,91.58,9.31
104,havre-saint-pierre,90,CA,1580159291,78,50.23,-63.6,17.6,20.8
105,geraldton,0,AU,1580159291,88,-28.77,114.6,64.4,12.08
106,wahran,,,,,,,,
107,port elizabeth,100,ZA,1580159119,82,-33.92,25.57,60.8,9.17
108,cabo san lucas,20,MX,1580159270,56,22.89,-109.91,78.01,12.75
109,khatanga,3,RU,1580159292,99,71.97,102.5,-18.78,3.15
110,lorengau,91,PG,1580159292,80,-2.02,147.27,83.95,14.61
111,longyearbyen,48,SJ,1580159292,77,78.22,15.64,3.2,3.36
112,bairiki,90,KI,1580159292,94,1.33,172.98,78.8,4.7
113,kyshtovka,98,RU,1580159292,95,56.55,76.63,-0.09,10.54
114,busselton,0,AU,1580159292,42,-33.65,115.33,68,9.8
115,east london,97,ZA,1580159293,67,-33.02,27.91,68.74,5.97
116,berezovka,87,BY,1580159293,83,53.72,25.5,29.43,5.14
117,victoria,20,HK,1580159236,57,22.29,114.16,53.01,11.41
118,areka,100,ET,1580159293,72,7.07,37.7,71.67,1.63
119,ramasukha,,,,,,,,
120,hobart,75,AU,1580159293,48,-42.88,147.33,62.6,18.34
121,chapais,40,CA,1580159293,79,49.78,-74.85,24.8,12.75
122,souillac,75,MU,1580159294,65,-20.52,57.52,77,5.82
123,grinnell,90,US,1580159294,86,41.74,-92.72,33.8,6.93
124,mahebourg,75,MU,1580159294,65,-20.41,57.7,77,5.82
125,georgetown,20,MY,1580159294,78,5.41,100.34,82.4,2.24
126,zaria,14,NG,1580159294,16,11.11,7.72,67.64,9.24
127,sept-iles,90,CA,1580159294,79,50.2,-66.38,21,11.41
128,barrow,1,US,1580159294,74,71.29,-156.79,-23.8,8.05
129,buraydah,0,SA,1580159294,56,26.33,43.98,44.6,3.06
130,davidson,1,US,1580159295,44,36.15,-86.78,57.99,11.41
131,bida,0,NG,1580159295,10,9.08,6.02,82.6,2.55
132,santa maria del oro,0,MX,1580159295,15,25.93,-105.37,70.74,14.56
133,narsaq,75,GL,1580159295,52,60.92,-46.05,15.8,5.82
134,jamestown,90,US,1580159295,92,42.1,-79.24,34,14.99
135,karlskoga,75,SE,1580159295,86,59.33,14.52,42.01,8.05
136,hobyo,100,SO,1580159295,75,5.35,48.53,77.9,21.59
137,bolungarvik,,,,,,,,
138,tasiilaq,100,GL,1580159296,58,65.61,-37.64,28.4,2.24
139,port hardy,75,CA,1580159296,81,50.7,-127.42,44.6,19.46
140,recreio,100,BR,1580159296,55,-21.52,-42.47,84.99,1.01
141,juneau,90,US,1580159296,80,58.3,-134.42,37,23.04
142,kaeo,0,NZ,1580159297,74,-35.1,173.78,81,4.65
143,kloulklubed,40,PW,1580159297,88,7.04,134.26,77,4.7
144,necochea,0,AR,1580159297,60,-38.55,-58.74,71.01,8.01
145,tricase,40,IT,1580159297,93,39.93,18.36,48,2.24
146,george town,20,MY,1580159274,78,5.41,100.34,82.4,2.24
147,saskylakh,78,RU,1580159297,97,71.92,114.08,-24.45,3.06
148,fulton,90,US,1580159297,76,33.77,-84.45,53.01,8.05
149,tateyama,75,JP,1580159298,93,34.98,139.87,39.2,28.86
150,hvammstangi,,,,,,,,
151,chokurdakh,100,RU,1580159298,97,70.63,147.92,-22.63,7.87
152,illoqqortoormiut,,,,,,,,
153,ulaanbaatar,0,MN,1580159135,75,47.91,106.88,-13,2.24
154,cape town,100,ZA,1580159290,72,-33.93,18.42,64,14.99
155,yambio,80,SS,1580159298,28,4.57,28.4,72.01,2.91
156,tilaran,75,CR,1580159299,52,10.47,-84.97,89.6,6.93
157,srednekolymsk,99,RU,1580159299,96,67.45,153.68,-24.59,4.79
158,hithadhoo,100,MV,1580158881,78,-0.6,73.08,81.54,15.37
159,namatanai,46,PG,1580159299,73,-3.67,152.43,83.43,4.7
160,bambous virieux,75,MU,1580159299,65,-20.34,57.76,77,5.82
161,micheweni,28,TZ,1580159300,86,-4.97,39.83,81.18,9.04
162,victoria point,75,AU,1580159300,94,-27.58,153.3,78.01,8.05
163,goderich,95,CA,1580159300,81,43.75,-81.72,36,1.01
164,new norfolk,75,AU,1580159300,48,-42.78,147.06,62.6,18.34
165,krasnyy yar,75,RU,1580159300,80,46.53,48.35,33.8,8.95
166,skibbereen,40,IE,1580159300,62,51.55,-9.27,33.8,9.17
167,ugoofaaru,99,MV,1580159300,69,5.67,73,80.91,10.71
168,bangassou,0,CF,1580159300,28,4.74,22.82,73.11,2.55
169,praia da vitoria,20,PT,1580159301,93,38.73,-27.07,60.8,37.78
170,naugarzan,,,,,,,,
171,kodiak,75,US,1580159301,61,57.79,-152.41,17.6,8.05
172,saint-philippe,2,RE,1580159301,73,-21.36,55.77,72,5.82
173,belushya guba,,,,,,,,
174,san juan,6,AR,1580159247,23,-31.54,-68.54,94.96,15.9
175,tornio,90,FI,1580159301,85,65.85,24.13,12.2,12.75
176,lebu,14,CL,1580159302,52,-37.62,-73.65,70.47,12.06
177,mazagao,90,BR,1580159302,100,-0.12,-51.29,78.8,4.7
178,aviles,75,ES,1580159110,58,43.55,-5.92,60.01,10.29
179,mar del plata,0,AR,1580159143,52,-38,-57.56,66.2,13.87
180,bandarbeyla,99,SO,1580159302,76,9.49,50.81,75.76,24.92
181,fatehpur,73,IN,1580159302,61,25.93,80.8,58.84,7.76
182,klaksvik,36,FO,1580159302,66,62.23,-6.59,35.6,3.36
183,sadova,90,RO,1580159303,100,43.9,23.95,42.01,5.82
184,robertsport,63,LR,1580159303,84,6.75,-11.37,81.82,12.01
185,warqla,,,,,,,,
186,bredasdorp,98,ZA,1580159303,77,-34.53,20.04,60.8,1.12
187,uzunkopru,,,,,,,,
188,karaul,,,,,,,,
189,sergeyevka,86,KZ,1580159304,96,53.88,67.42,1.72,7.94
190,north myrtle beach,90,US,1580159304,58,33.82,-78.68,59,4.7
191,oranjemund,0,NA,1580159304,73,-28.55,16.43,63.57,9.35
192,alberton,73,CA,1580159304,57,46.82,-64.07,33.01,10.11
193,guadix,20,ES,1580159304,87,37.3,-3.14,45,1.12
194,wilmington,75,US,1580159304,76,34.23,-77.94,61,9.17
195,denpasar,40,ID,1580159305,88,-8.65,115.22,82.4,3.36
196,oktyabrskoye,2,RU,1580159305,62,43.06,44.74,30.83,2.15
197,batagay-alyta,0,RU,1580159305,35,67.8,130.41,-25.69,3.53
198,tokur,39,RU,1580159305,98,53.13,132.9,-7.08,0.87
199,zaykovo,82,RU,1580159305,99,57.56,62.76,-6.2,6.13
200,coahuayana,40,MX,1580159306,47,18.73,-103.68,78.8,5.82
201,neyshabur,0,IR,1580159306,64,36.21,58.8,29.21,7.29
202,palmer,90,US,1580159242,56,42.16,-72.33,43,12.75
203,havoysund,28,NO,1580159306,71,71,24.66,19.4,20.8
204,port lincoln,5,AU,1580159306,86,-34.73,135.87,62.83,4.56
205,lagos,81,NG,1580159145,73,6.58,3.75,77,5.86
206,los llanos de aridane,40,ES,1580159307,67,28.66,-17.92,62.6,8.05
207,merauke,69,ID,1580159307,93,-8.47,140.33,77.32,5.48
208,marienburg,90,PL,1580159307,100,54.04,19.03,41,6.93
209,kayerkan,49,RU,1580159307,70,69.35,87.76,1.4,22.37
210,barawe,,,,,,,,
211,garm,,,,,,,,
212,magna,75,US,1580159308,70,40.71,-112.1,44.6,10.29
213,dikson,95,RU,1580159308,97,73.51,80.55,-10.01,3.13
214,kegayli,,,,,,,,
215,kemi,90,FI,1580159308,85,65.74,24.56,12.2,12.75
216,umzimvubu,,,,,,,,
217,fortuna,90,US,1580159308,76,40.6,-124.16,57.99,8.05
218,sorong,13,ID,1580159308,95,-0.88,131.25,71.58,1.45
219,shangrao,100,CN,1580159309,94,28.45,117.97,41.02,5.19
220,bitung,20,ID,1580159309,100,1.45,125.18,71.6,1.12
221,amga,100,RU,1580159309,98,60.9,131.96,-3.69,3.02
222,qax,0,AZ,1580159309,47,41.42,46.92,32,9.17
223,ilebo,100,CD,1580159309,63,-4.32,20.58,74.37,1.3
224,shurugwi,32,ZW,1580159309,84,-19.67,30.01,66.76,13.29
225,kavieng,37,PG,1580159310,77,-2.57,150.8,83.48,7.14
226,belyy yar,97,RU,1580159310,77,53.6,91.39,3.2,0.89
227,poum,87,NC,1580159310,80,-20.23,164.02,79.21,22.26
228,martapura,40,ID,1580159310,100,-3.42,114.85,77,3.36
229,baykalsk,66,RU,1580159310,82,51.51,104.15,14.59,1.66
230,montijo,75,PT,1580159310,100,38.71,-8.97,59,12.75
231,kedrovyy,100,RU,1580159310,78,56.17,91.82,8.6,4.47
232,padang,97,ID,1580159311,93,-0.95,100.35,68.05,2.93
233,torbay,90,CA,1580159114,92,47.67,-52.73,35.01,23.04
234,kieta,8,PG,1580159311,75,-6.22,155.63,81.1,3.85
235,cap malheureux,75,MU,1580159311,65,-19.98,57.61,77,5.82
236,cherskiy,36,RU,1580159311,90,68.75,161.3,-13.25,3.02
237,grand river south east,,,,,,,,
238,nelson bay,20,AU,1580159311,83,-32.72,152.15,79,9.17
239,vari,75,GR,1580159312,71,37.83,23.81,55,3.36
240,ossora,100,RU,1580159312,97,59.24,163.07,28.06,6.33
241,pella,90,RU,1580159312,92,59.78,30.82,23,8.95
242,mus,86,TR,1580159312,70,39,41.75,6.69,3.44
243,chuy,0,UY,1580159312,62,-33.7,-53.46,70.23,12.91
244,guamuchil,0,MX,1580159312,54,25.47,-108.1,79,5.01
245,washougal,90,US,1580159190,93,45.58,-122.35,48.99,6.93
246,lisakovsk,100,KZ,1580159312,95,52.54,62.49,12.94,9.37
247,alta,45,NO,1580159313,71,69.97,23.27,3.2,12.75
248,kokopo,55,PG,1580159313,76,-4.35,152.26,81.86,5.93
249,dukat,100,RU,1580159313,96,62.55,155.55,6.84,4.54
250,makakilo city,75,US,1580159313,69,21.35,-158.09,80.6,5.82
251,hovd,0,MN,1580159313,62,48.01,91.64,5.49,1.83
252,barao de melgaco,40,BR,1580159313,55,-16.19,-55.97,91.4,4.7
253,birjand,0,IR,1580159314,68,32.87,59.22,28.4,4.7
254,toliary,,,,,,,,
255,okhotsk,9,RU,1580159314,68,59.38,143.3,-16.28,9.35
256,nikolskoye,90,RU,1580159314,92,59.7,30.79,23,8.95
257,bokspits,,,,,,,,
258,gamba,90,GA,1580159314,86,-2.65,10,78.93,4.14
259,bukama,91,CD,1580159314,98,-9.2,25.85,67.06,1.59
260,zavetnoye,0,RU,1580159315,91,47.12,43.89,30.63,3.76
261,rundu,1,NA,1580159315,47,-17.93,19.77,75.2,2.24
262,pahalgam,100,IN,1580159315,86,34.03,75.33,8.02,8.75
263,mys shmidta,,,,,,,,
264,codrington,100,AU,1580159315,84,-38.27,141.97,59.56,10.83
265,ilulissat,90,GL,1580159316,60,69.22,-51.1,8.6,5.82
266,manacapuru,40,BR,1580159316,66,-3.3,-60.62,89.6,2.24
267,inhambane,92,MZ,1580159316,74,-23.86,35.38,78.85,23.73
268,barcelona,81,ES,1580159154,62,41.39,2.16,54,3.36
269,constitucion,0,CL,1580159316,52,-35.33,-72.42,69.85,14.94
270,vizimyary,,,,,,,,
271,la ronge,75,CA,1580159316,85,55.1,-105.28,14,2.24
272,vao,0,NC,1580159317,81,-22.67,167.48,77.59,16.84
273,saint-paul-les-dax,55,FR,1580159317,66,43.73,-1.05,62.01,4.7
274,arlit,73,NE,1580159317,8,18.74,7.39,71.42,6.49
275,dalbandin,0,PK,1580159317,56,28.89,64.41,44.56,2.33
276,sitka,75,US,1580159317,80,57.05,-135.33,37.4,12.75
277,nishihara,40,JP,1580159318,68,26.18,127.76,64.4,14.99
278,lompoc,1,US,1580159041,32,34.64,-120.46,72,11.41
279,khandbari,52,NP,1580159318,84,27.37,87.2,31.39,2.89
280,komsomolskiy,4,UZ,1580159318,80,40.43,71.72,35.6,2.24
281,moldovita,100,RO,1580159318,91,47.68,25.53,39.2,2.24
282,heerenveen,75,NL,1580159318,93,52.95,5.93,45,10.29
283,kaitangata,100,NZ,1580159319,90,-46.28,169.85,56.37,6.71
284,hamilton,90,US,1580159319,80,39.18,-84.53,37.99,5.82
285,mindelo,20,CV,1580159319,73,16.89,-24.98,71.6,23.04
286,tekirdag,75,TR,1580159319,93,40.98,27.51,50,4.7
287,pangody,100,RU,1580159319,97,65.85,74.49,-5.17,13.62
288,sarangani,90,PH,1580159319,78,5.4,125.46,82.2,8.7
289,albanel,90,CA,1580159319,80,48.88,-72.45,32,9.17
290,kismayo,100,SO,1580159320,83,-0.36,42.55,80.74,16.35
291,vila velha,75,BR,1580159320,83,-20.33,-40.29,81,5.82
292,berlevag,75,NO,1580159320,85,70.86,29.09,15.8,5.82
293,olafsvik,82,IS,1580159320,80,64.89,-23.71,31.32,11.68
294,beringovskiy,82,RU,1580159320,76,63.05,179.32,11.3,3.91
295,new ulm,90,US,1580159320,92,44.31,-94.46,24.01,8.05
296,lolua,,,,,,,,
297,ixtapa,40,MX,1580159321,65,20.7,-105.2,79,9.17
298,roald,100,NO,1580159321,86,62.58,6.13,39.2,6.93
299,panalingaan,23,PH,1580159321,83,8.78,117.42,79.07,5.39
300,fort nelson,75,CA,1580159321,84,58.81,-122.7,3.2,2.24
301,xacmaz,0,AZ,1580159321,76,41.46,48.81,44.35,9.24
302,parana,61,AR,1580159322,42,-31.73,-60.52,87.01,4
303,west bay,20,KY,1580159322,65,19.37,-81.42,82.4,4.7
304,posevnaya,100,RU,1580159322,94,54.3,83.33,27.16,15.48
305,ust-nera,100,RU,1580159322,100,64.57,143.2,-44.54,1.86
306,ludvika,100,SE,1580159322,100,60.15,15.19,39,9.17
307,marzuq,0,YE,1580159322,33,14.4,46.47,53.19,2.82
308,kijang,75,KR,1580159322,81,35.24,129.21,44.6,11.41
309,rabat,0,MA,1580159244,100,33.99,-6.84,51.01,6.93
310,elk city,1,US,1580159044,42,35.41,-99.4,66.99,17.22
311,pochutla,20,MX,1580159323,45,15.74,-96.47,89.01,13.87
312,andarab,,,,,,,,
313,dahuk,12,IQ,1580159323,57,36.87,42.99,34.75,4.54
314,oktyabrskiy,100,RU,1580159323,96,54.48,53.47,2.16,7
315,vardo,20,NO,1580159323,78,70.37,31.11,15.8,9.17
316,acarau,73,BR,1580159324,76,-2.89,-40.12,81,6.08
317,bonfim,98,BR,1580159324,38,3.08,-59.95,94.33,7.81
318,cabedelo,20,BR,1580159324,66,-6.98,-34.83,86,13.87
319,tres marias,75,MX,1580159324,23,19.05,-99.24,84.2,6.93
320,plouzane,100,FR,1580159324,75,48.38,-4.62,48,23.04
321,manutuke,0,NZ,1580159324,54,-38.68,177.92,84,8.01
322,airai,76,TL,1580159324,95,-8.93,125.41,68.11,2.75
323,bargal,,,,,,,,
324,tomatlan,0,MX,1580159325,25,19.93,-105.25,85.91,6.29
325,estelle,90,US,1580159325,82,29.85,-90.11,59,6.93
326,waitati,100,NZ,1580159325,88,-45.75,170.57,56.64,0.49
327,brindisi,17,IT,1580159183,87,40.58,17.67,51.01,6.93
328,latur,74,IN,1580159325,40,18.4,76.58,71.42,3.85
329,harper,0,LR,1580159326,85,4.38,-7.72,78.89,4.76
330,vostok,0,RU,1580159326,73,46.49,135.88,8.19,3.44
331,havelock,40,US,1580159048,41,34.88,-76.9,60.8,5.82
332,agirish,100,RU,1580159326,95,61.92,63.02,-5.53,8.55
333,shamilkala,0,RU,1580159326,80,42.69,46.86,33.8,6.71
334,izhma,79,RU,1580159326,99,65.01,53.91,-17.57,4.52
335,upata,78,VE,1580159326,44,8.01,-62.4,87.73,4.36
336,kangaatsiaq,100,GL,1580159327,89,68.31,-53.46,12.87,9.91
337,wanning,100,CN,1580159111,95,18.8,110.4,60.46,9.6
338,murupara,25,NZ,1580159327,66,-38.47,176.7,77,1.99
339,dalby,90,AU,1580159327,94,-27.18,151.27,69.8,5.82
340,bathsheba,20,BB,1580159327,61,13.22,-59.52,82.4,10.29
341,sambava,53,MG,1580159327,91,-14.27,50.17,70.41,2.04
342,hasaki,75,JP,1580159328,100,35.73,140.83,39.2,9.17
343,melong,0,CM,1580159328,44,5.12,9.96,70.5,2.82
344,aklavik,75,CA,1580159043,67,68.22,-135.01,-22,6.93
345,saint-paul,20,RE,1580159328,78,-21.01,55.27,72,6.93
346,vestmanna,28,FO,1580159328,74,62.16,-7.17,35.6,3.36
347,cairns,90,AU,1580159042,100,-16.92,145.77,80.01,1.12
348,lapua,90,FI,1580159328,92,62.92,23.17,28.99,10.29
349,fortuna foothills,1,US,1580159328,25,32.66,-114.41,75.2,20.8
350,kushiro,0,JP,1580159329,78,42.98,144.37,17.6,3.02
351,naze,75,JP,1580159329,68,28.37,129.48,64.4,18.34
352,vilhena,40,BR,1580159329,70,-12.74,-60.15,84.2,5.82
353,isnos,44,CO,1580159329,66,1.94,-76.24,74.57,3.09
354,margate,20,GB,1580159329,93,51.38,1.39,44.01,9.17
355,oistins,20,BB,1580159329,61,13.07,-59.53,82.4,10.29
356,rocha,22,UY,1580159329,50,-34.48,-54.33,66,11.68
357,mayumba,97,GA,1580159330,82,-3.43,10.66,82.31,7.47
358,port-cartier,90,CA,1580159330,79,50.03,-66.87,21,11.41
359,sivaki,0,RU,1580159330,96,52.63,126.75,-15.16,4.5
360,louisbourg,,,,,,,,
361,dingle,96,PH,1580159330,87,11,122.67,71.47,6.17
362,yumen,0,CN,1580159330,60,40.28,97.2,16.45,5.19
363,baruun-urt,57,MN,1580159330,85,46.68,113.28,-2.09,4.07
364,pisco,24,PE,1580158882,30,-13.7,-76.22,73.99,21.92
365,kruisfontein,100,ZA,1580159331,74,-34,24.73,58.33,4.43
366,santa rosa,40,PH,1580159331,83,14.31,121.11,75.99,3.36
367,san patricio,20,MX,1580159331,74,19.22,-104.7,86,17.22
368,vestmannaeyjar,100,IS,1580159331,65,63.44,-20.27,40.33,23.13
369,alice springs,0,AU,1580159080,20,-23.7,133.88,73.4,5.82
370,leonidion,,,,,,,,
371,bowen,75,AU,1580159132,94,-20.02,148.23,75.2,6.93
372,torrington,90,US,1580159332,64,41.8,-73.12,44.01,8.05
373,amderma,,,,,,,,
374,lashio,0,MM,1580159332,74,22.93,97.75,44.98,1.3
375,praya,0,CV,1580159332,64,14.92,-23.51,73.4,18.34
376,henties bay,0,NA,1580159332,90,-22.12,14.28,64,1.99
377,tuatapere,95,NZ,1580159332,73,-46.13,167.68,61,5.01
378,mount isa,90,AU,1580159333,100,-20.73,139.5,75.2,6.93
379,taonan,100,CN,1580159333,93,45.33,122.78,3.96,10.54
380,crotone,0,IT,1580159333,77,39.09,17.12,49.71,1.52
381,tsihombe,,,,,,,,
382,mahibadhoo,49,MV,1580159333,73,3.78,72.97,80.65,11.56
383,guiglo,0,CI,1580159333,40,6.55,-7.5,81.9,3.49
384,remanso,99,BR,1580159333,70,-9.62,-42.08,79.48,3.18
385,arvika,100,SE,1580159334,100,59.66,12.59,39.99,10.29
386,praia,0,CV,1580159334,64,14.92,-23.51,73.4,18.34
387,altay,81,CN,1580159105,73,47.87,88.12,13.26,5.7
388,quatre cocos,75,MU,1580159334,65,-20.21,57.76,77,5.82
389,inta,100,RU,1580159334,97,66.03,60.17,-11.16,6.96
390,nome,1,US,1580159334,68,64.5,-165.41,-20.2,3.36
391,cocorit,5,MX,1580159334,38,27.58,-109.97,77,5.82
392,sri aman,100,MY,1580159335,94,1.24,111.46,77,2.26
393,llanelli,100,GB,1580159335,87,51.68,-4.16,44.6,14.99
394,faya,20,SA,1580159335,37,18.39,42.45,53.6,9.17
395,toora-khem,62,RU,1580159335,99,52.47,96.11,-1.5,1.34
396,langelsheim,90,DE,1580159335,87,51.93,10.33,44.01,6.93
397,porto walter,100,BR,1580159335,51,-8.27,-72.74,91.38,4.72
398,chhindwara,49,IN,1580159335,40,22.07,78.93,67.35,6.35
399,baihar,39,IN,1580159336,50,22.1,80.55,60.26,3.18
400,port hawkesbury,90,CA,1580159336,69,45.62,-61.35,39.99,8.05
401,tutoia,40,BR,1580159336,79,-2.76,-42.27,86,10.29
402,kutum,98,SD,1580159336,18,14.2,24.67,52.5,5.01
403,luau,100,AO,1580159336,97,-10.71,22.22,67.14,2.75
404,porto belo,20,BR,1580159336,83,-27.16,-48.55,81,12.75
405,honghu,39,CN,1580159337,79,29.82,113.46,36.14,5.26
406,cobija,20,BO,1580159337,56,-11.03,-68.77,95,3.36
407,jasper,1,US,1580159337,66,37.2,-94.35,60.01,9.17
408,nhulunbuy,100,AU,1580159337,79,-12.23,136.77,84.2,13.87
409,rio pardo,93,BR,1580159337,43,-29.99,-52.38,84.67,5.61
410,hun,0,LY,1580159337,56,29.13,15.95,59,7.54
411,grand gaube,75,MU,1580159338,65,-20.01,57.66,77,5.82
412,bambanglipuro,80,ID,1580159338,90,-7.95,110.28,75.34,3.11
413,vittoria,0,IT,1580159338,87,36.95,14.53,53.6,4.7
414,ambanja,98,MG,1580159338,87,-13.68,48.45,78.98,4.05
415,enid,1,US,1580159338,51,36.4,-97.88,62.6,8.05
416,liyang,99,CN,1580159338,93,29.71,118.29,34.32,2.95
417,dembi dolo,0,ET,1580159338,37,8.53,34.8,69.15,2.21
418,karkaralinsk,,,,,,,,
419,tynda,26,RU,1580159339,99,55.17,124.72,-11,1.95
420,sahuaripa,4,MX,1580159040,35,29.05,-109.23,66.7,13.22
421,road town,40,VG,1580159339,74,18.42,-64.62,82.4,4.7
422,beyneu,2,KZ,1580159339,92,45.32,55.2,31.91,15.97
423,vila franca do campo,75,PT,1580159339,93,37.72,-25.43,62.6,17.22
424,touros,100,BR,1580159340,66,-5.2,-35.46,86,13.87
425,egvekinot,0,RU,1580159340,90,66.32,-179.17,-7.91,6.89
426,kadykchan,,,,,,,,
427,srandakan,80,ID,1580159070,90,-7.94,110.25,75.34,3.11
428,saint-leu,50,RE,1580159340,73,-21.15,55.28,72,5.82
429,samarai,100,PG,1580159340,79,-10.62,150.67,78.42,2.08
430,markova,75,UA,1580159340,94,48.68,24.41,32,2.24
431,isangel,40,VU,1580159341,88,-19.55,169.27,77,12.73
432,saint george,1,US,1580159341,34,37.1,-113.58,61,17.22
433,jalu,53,LY,1580159341,25,29.03,21.55,59.95,6.55
434,alindao,67,CF,1580159341,26,5.03,21.21,74.86,1.9
435,grants,90,US,1580159341,93,35.15,-107.85,37.4,17.22
436,aquidaba,100,BR,1580159247,71,-10.28,-37.02,80.1,8.81
437,bemidji,90,US,1580159229,92,47.47,-94.88,18,3.36
438,ulladulla,90,AU,1580159342,100,-35.35,150.47,71.01,4.83
439,uusikaupunki,90,FI,1580159342,100,60.8,21.41,39,6.93
440,tulum,40,MX,1580159342,65,20.22,-87.47,84,6.93
441,bethanien,0,NA,1580159342,17,-26.5,17.16,70.63,5.26
442,moose factory,90,CA,1580159343,92,51.26,-80.61,19.4,9.17
443,joao pinheiro,87,BR,1580159343,87,-17.74,-46.17,77.83,2.51
444,stepnyak,100,KZ,1580159343,87,52.83,70.78,9.05,16.02
445,nanyang,0,CN,1580159343,78,32.99,112.53,33.28,5.77
446,leningradskiy,96,RU,1580159343,97,69.38,178.42,-8.09,7.94
447,poyarkovo,99,RU,1580159343,98,49.6,128.68,-8.23,6.73
448,mehamn,75,NO,1580159344,78,71.04,27.85,19.4,5.82
449,krasnorechenskiy,100,RU,1580159344,74,44.63,135.35,14.22,2.59
450,temaraia,,,,,,,,
451,clyde river,20,CA,1580159344,67,70.47,-68.59,-27.4,10.29
452,honningsvag,75,NO,1580159344,67,70.98,25.97,19.4,13.87
453,ekibastuz,0,KZ,1580159344,82,51.67,75.37,16.09,18.12
454,tura,0,IN,1580159344,71,25.52,90.22,55.92,2.91
455,lethem,72,GY,1580159344,35,3.38,-59.8,96.49,14.83
456,paita,0,PE,1580159345,100,-5.09,-81.11,62.6,10.29
457,camabatela,100,AO,1580159345,95,-8.19,15.38,64.33,1.63
458,sao joao da barra,40,BR,1580159345,78,-21.64,-41.05,80.6,16.11
459,viru,20,PE,1580159345,78,-8.42,-78.75,77,12.75
460,umm durman,,,,,,,,
461,marcona,,,,,,,,
462,sabinas,0,MX,1580159345,31,27.85,-101.12,79.39,9.64
463,half moon bay,90,US,1580159346,93,37.46,-122.43,61,4.7
464,calategas,,,,,,,,
465,havre,90,FR,1580159346,81,49.58,0.33,46.4,16.11
466,kavaratti,1,IN,1580159346,64,10.57,72.64,80.19,4.41
467,piacabucu,94,BR,1580159346,80,-10.41,-36.43,80.8,10.27
468,halalo,,,,,,,,
469,salalah,0,OM,1580159347,22,17.02,54.09,66.2,16.11
470,aksu,5,CN,1580159347,65,41.12,80.26,23.16,1.61
471,nardo,40,IT,1580159347,93,40.18,18.03,48,2.24
472,ilo,75,PE,1580159347,74,-17.64,-71.34,82.4,10.29
473,severo-kurilsk,100,RU,1580159347,91,50.68,156.12,24.51,11.39
474,portland,90,US,1580159347,93,45.52,-122.68,48.99,6.93
475,gravdal,40,NO,1580159348,63,68.12,13.5,30.2,11.41
476,campbell river,75,CA,1580159348,87,50.02,-125.24,46.4,11.41
477,pozo colorado,92,PY,1580159348,23,-23.49,-58.8,97.29,9.06
478,katherine,90,AU,1580159348,83,-14.47,132.27,82.4,11.41
479,champerico,40,GT,1580159348,52,14.3,-91.92,89.6,9.17
480,nizhneyansk,,,,,,,,
481,nouakchott,0,MR,1580159348,12,18.09,-15.98,82.4,9.17
482,tiruvottiyur,,,,,,,,
483,sinnamary,100,GF,1580159349,80,5.38,-52.95,80.06,15.46
484,zwedru,32,LR,1580159349,74,6.07,-8.13,78.78,5.91
485,prince rupert,1,CA,1580159327,70,54.32,-130.32,42.8,9.17
486,ilave,64,PE,1580159349,56,-16.08,-69.67,57.06,8.93
487,russkaya polyana,57,UA,1580159349,79,49.42,31.92,34.5,6.91
488,san cristobal,40,VE,1580159268,58,7.77,-72.22,86,13.87
489,san quintin,0,MX,1580159350,72,30.48,-115.95,61.16,8.03
490,zabaykalsk,0,RU,1580159350,86,49.63,117.32,-4.34,1.83
491,yar-sale,95,RU,1580159350,97,66.83,70.83,-8.82,11.86
492,tiarei,75,PF,1580159350,66,-17.53,-149.33,87.8,6.93
493,valente,34,BR,1580159350,70,-11.41,-39.46,80.78,4.41
494,emba,100,KZ,1580159350,82,48.83,58.14,27.07,23.71
495,karasjok,51,NO,1580159350,83,69.47,25.51,-5.8,25.28
496,kandiaro,17,PK,1580159351,61,27.06,68.21,57.22,5.79
497,rawson,0,AR,1580159351,43,-43.3,-65.1,73.94,3.74
498,luocheng,98,CN,1580159351,79,29.38,104.03,44.89,4.25
499,pascagoula,90,US,1580159237,71,30.37,-88.56,57.2,6.93
500,ahipara,0,NZ,1580159351,86,-35.17,173.17,82,1.01
501,insar,52,RU,1580159351,91,53.87,44.37,5.36,4.09
502,soyo,100,AO,1580159352,81,-6.13,12.37,80.46,4.99
503,yatou,99,CN,1580159352,87,37.15,122.38,40.05,8.59
504,joaima,100,BR,1580159352,94,-16.65,-41.03,73.89,2.77
505,fare,69,PF,1580159352,75,-16.7,-151.02,82.78,11.63
506,presidente epitacio,26,BR,1580159352,49,-21.76,-52.12,87.01,4.59
507,pontianak,51,ID,1580159305,97,-0.03,109.33,74.25,1.63
508,assiniboia,100,CA,1580159352,93,49.63,-105.98,29.88,7.74
509,rajpur,0,IN,1580159352,47,22.3,74.35,62.58,8.75
510,honiara,20,SB,1580159353,88,-9.43,159.95,78.8,2.08
511,talnakh,0,RU,1580159353,70,69.49,88.4,1.4,22.37
512,majalgaon,11,IN,1580159353,41,19.15,76.23,69.84,6.15
513,skalistyy,,,,,,,,
514,sabha,99,LY,1580159353,18,27.04,14.43,64.67,9.42
515,katsuura,75,JP,1580159353,93,35.13,140.3,41,28.86
516,sistranda,75,NO,1580159353,86,63.73,8.83,39.99,11.41
517,hawalli,0,KW,1580159354,57,29.28,48,50,4.7
518,sorland,40,NO,1580159354,63,67.67,12.69,30.2,11.41
519,svarstad,75,NO,1580159354,100,59.4,9.97,42.01,8.05
520,mathathane,71,BW,1580159354,67,-22.27,28.75,74.12,8.37
521,aitape,100,PG,1580159354,80,-3.14,142.35,81.75,15.9
522,basco,73,PH,1580159354,81,20.45,121.97,72.91,14
523,opuwo,85,NA,1580159355,64,-18.06,13.84,73.89,2.93
524,san policarpo,71,PH,1580159355,88,12.18,125.51,76.05,3.87
525,lazarev,100,RU,1580159355,91,52.23,141.51,7.59,5.12
526,pasaquina,40,SV,1580159355,62,13.58,-87.84,87.8,11.41
527,jiayuguan,44,CN,1580159355,59,39.82,98.3,16.88,4.92
528,kununurra,100,AU,1580159355,100,-15.77,128.73,80.6,1.12
529,mumford,38,GH,1580159355,82,5.26,-0.76,77.52,2.64
530,flin flon,90,CA,1580159356,92,54.77,-101.86,14,5.82
531,bautzen,75,DE,1580159356,80,51.18,14.43,42.01,14.99
532,high level,90,CA,1580159277,92,58.52,-117.14,17.6,6.93
533,tilichiki,100,RU,1580159356,90,60.47,166.1,13.41,7.76
534,kupang,99,ID,1580159356,75,-10.17,123.58,83.59,7.05
535,lufilufi,82,WS,1580159356,88,-13.87,-171.6,80.01,4
536,meulaboh,100,ID,1580159356,78,4.14,96.13,81.68,7.2
537,odda,100,NO,1580159356,78,60.07,6.55,41,10
538,grindavik,90,IS,1580159357,100,63.84,-22.43,33.8,14.99
539,maniitsoq,100,GL,1580159357,88,65.42,-52.9,9.95,8.23
540,kahului,1,US,1580159239,50,20.89,-156.47,78.8,5.82
541,gimli,85,CA,1580159103,97,50.63,-96.99,18,3
542,imbituba,40,BR,1580159357,94,-28.24,-48.67,77,12.75
543,pilion,,,,,,,,
544,laguna,1,US,1580159357,63,38.42,-121.42,64.99,4.7
545,aktash,100,RU,1580159358,78,50.3,87.73,3.61,6.67
546,kaya,98,BF,1580159358,7,13.09,-1.08,75.33,9.62
547,sakleshpur,100,IN,1580159358,84,12.97,75.78,67.44,8.03
548,kargil,100,IN,1580159358,99,34.57,76.1,-5.6,1.21
549,neiafu,20,TO,1580159358,88,-18.65,-173.98,80.6,1.79
550,puerto narino,75,CO,1580159358,70,-3.77,-70.38,89.6,8.05
551,buala,83,SB,1580159359,75,-8.14,159.59,81.75,2.01
552,loikaw,0,MM,1580159359,54,19.67,97.21,46.71,1.97
553,gobabis,1,NA,1580159359,19,-22.45,18.97,75.63,12.68
554,karratha,0,AU,1580159359,78,-20.74,116.85,84.56,13.94
555,lebrija,40,ES,1580159359,87,36.92,-6.08,57.2,2.24
556,mitu,100,CO,1580159137,69,1.2,-70.17,84.2,2.04
557,cockburn town,40,TC,1580159334,65,21.46,-71.14,80.6,6.93
558,avanigadda,100,IN,1580159359,88,16.02,80.92,72.09,5.68
559,severnyy,90,RU,1580159360,95,50.68,36.55,32,4.47
560,labytnangi,77,RU,1580159360,95,66.66,66.42,-13.54,5.97
561,lensk,24,RU,1580159360,98,60.73,114.93,-1.98,6.02
562,fairbanks,75,US,1580159360,73,64.84,-147.72,-18.99,3.51
563,port hedland,16,AU,1580159360,83,-20.32,118.57,82.4,4.7
564,kirovskiy,91,RU,1580159360,83,45.09,133.51,7.57,2.89
565,tabou,0,CI,1580159360,85,4.42,-7.35,78.89,4.76
566,piranhas,81,BR,1580159302,90,-16.43,-51.82,76.05,6.31
567,gibara,40,CU,1580159361,42,21.11,-76.13,86,5.82
568,conde,20,BR,1580159134,66,-7.26,-34.91,86,13.87
569,capao bonito,9,BR,1580159361,61,-24.01,-48.35,79.61,4.45
570,fairhope,90,US,1580159361,76,30.52,-87.9,59,6.93
571,noumea,59,NC,1580159361,65,-22.28,166.46,81,2.24
572,vanavara,100,RU,1580159362,92,60.34,102.28,4.28,4.47
573,lingyuan,100,CN,1580159107,73,41.24,119.4,25.99,2.01
574,twentynine palms,40,US,1580159362,16,34.14,-116.05,78.8,17.22
575,puerto carreno,20,CO,1580159115,42,6.19,-67.49,98.6,8.05
576,salumbar,0,IN,1580159362,51,24.13,74.05,62.78,7.05
577,rosetown,100,CA,1580159272,97,51.55,-108,28,5.14
578,nanortalik,0,GL,1580159362,62,60.14,-45.24,22.05,31.25
579,anuchino,100,RU,1580159363,82,43.96,133.05,12.52,1.61
580,copiapo,20,CL,1580159128,60,-27.37,-70.33,75.2,10.29
581,kuytun,44,RU,1580159363,97,54.34,101.5,4.3,7.29
582,flinders,90,AU,1580159363,100,-34.58,150.86,75,7.18
583,morondava,0,MG,1580159363,85,-20.28,44.28,74.35,3.2
584,upanema,40,BR,1580159363,79,-5.64,-37.26,86,4.7
585,ust-kamchatsk,,,,,,,,
586,gannan,10,CN,1580159364,92,47.91,123.5,1.42,5.97
587,macomb,90,US,1580159364,92,40.46,-90.67,30.99,8.05
588,inuvik,75,CA,1580159364,67,68.35,-133.72,-22,6.93
589,maragogi,96,BR,1580159364,79,-9.01,-35.22,81.55,12.64
590,rio grande,75,BR,1580159364,54,-32.03,-52.1,82.4,14.99
591,lierneux,100,BE,1580159364,93,50.28,5.79,46,12.75
592,rio novo do sul,100,BR,1580159364,93,-20.86,-40.94,76.55,6.38
593,sobolevo,100,RU,1580159365,98,54.43,31.9,31.05,7
594,ler,65,SS,1580159365,15,8.3,30.14,73.72,5.28
595,gornopravdinsk,100,RU,1580159365,96,60.05,69.9,0.52,6.96
596,walvis bay,0,NA,1580159365,82,-22.96,14.51,64.4,8.05
597,dmytrivka,100,UA,1580159365,86,45.97,28.99,42.46,6.17
598,hofn,65,IS,1580159365,50,64.25,-15.21,40.91,4.36
599,witten,40,DE,1580159365,87,51.43,7.33,46.99,9.17
600,itoman,40,JP,1580159366,68,26.12,127.67,64.4,14.99
601,devils lake,90,US,1580159366,100,48.11,-98.87,15.8,4.7
602,cilegon,20,ID,1580159366,88,-6.02,106.05,78.8,3.36
603,buribay,100,RU,1580159366,88,51.96,58.16,18.28,12.08
604,te anau,62,NZ,1580159366,86,-45.42,167.72,56.39,6.02
605,canterbury,20,GB,1580159366,93,51.28,1.08,44.01,9.17
606,westport,90,US,1580159223,48,41.14,-73.36,45,11.41
607,batagay,0,RU,1580159367,70,67.63,134.63,-40.86,2.15
608,freital,75,DE,1580159367,80,51,13.65,43,14.99
609,samusu,,,,,,,,
610,pingliang,0,CN,1580159367,79,35.54,106.69,19.71,2.19
611,lohardaga,0,IN,1580159164,67,23.43,84.68,57.2,2.42
612,hambantota,59,LK,1580159367,76,6.12,81.12,75.88,15.79
